"title","video_url","duration","thumbnail_url","channel_name","channel_url","relative_date","estimated_date"
"The New Siri is Actually Good","https://www.youtube.com/watch?v=uQ3lL68hNK4","11:11","https://i.ytimg.com/vi/uQ3lL68hNK4/hqdefault_custom_2.jpg","Joanna Stern","https://www.youtube.com/@JoannaStern","1d ago",""
"Angèle - Dis-le (Official Video)","https://www.youtube.com/watch?v=IvfuwIRUFU0","4:09","https://i.ytimg.com/vi/IvfuwIRUFU0/hqdefault.jpg","Angèle","https://www.youtube.com/channel/UCiP2tOO8zRo47GFd5rc8rkA","1d ago",""
"watchOS 27 Is Better Than You Think, Here's What's New!","https://www.youtube.com/watch?v=KF35H65oByk","11:43","https://i.ytimg.com/vi/KF35H65oByk/hqdefault_custom_2.jpg","9to5Mac","https://www.youtube.com/@9to5Mac","21h ago",""
"Warning: This Video Will Make You Question Your Memories","https://www.youtube.com/watch?v=PqtggjVAi8M","13:56","https://i.ytimg.com/vi/PqtggjVAi8M/hqdefault_custom_3.jpg","Kurzgesagt – In a Nutshell","https://www.youtube.com/@kurzgesagt","3d ago",""
"The Most Interesting Displays In The World!","https://www.youtube.com/watch?v=WOzcFkld6_g","15:57","https://i.ytimg.com/vi/WOzcFkld6_g/hqdefault.jpg","Marques Brownlee","https://www.youtube.com/@mkbhd","3d ago",""
"20 Hidden iOS 27 Features That Make It SO Much Better","https://www.youtube.com/watch?v=D_TWgpJXn2I","17:54","https://i.ytimg.com/vi/D_TWgpJXn2I/hqdefault.jpg","9to5Mac","https://www.youtube.com/@9to5Mac","5d ago",""
"He Once Worked at Subway. At 58, He Solved An ""Impossible"" Problem","https://www.youtube.com/watch?v=8HBDE-msUjw","41:30","https://i.ytimg.com/vi/8HBDE-msUjw/hqdefault.jpg","Veritasium","https://www.youtube.com/@veritasium","5d ago",""
"Meet the slow loris, the only venomous primate in existence - Stephanie A. Poindexter","https://www.youtube.com/watch?v=JDqpcHGfJ2I","6:00","https://i.ytimg.com/vi/JDqpcHGfJ2I/hqdefault.jpg","TED-Ed","https://www.youtube.com/@TEDEd","8d ago",""
"The Entry-Level Job Crisis","https://www.youtube.com/watch?v=j2QEieIiiXg","19:40","https://i.ytimg.com/vi/j2QEieIiiXg/hqdefault.jpg","PolyMatter","https://www.youtube.com/@PolyMatter","7d ago",""
"Just how ancient is sumo? - Lee Thompson","https://www.youtube.com/watch?v=Q9Vt6NGBVBc","5:38","https://i.ytimg.com/vi/Q9Vt6NGBVBc/hqdefault.jpg","TED-Ed","https://www.youtube.com/@TEDEd","10d ago",""
"Quinta Brunson Prank Calls Ayo Edebiri, Brett Goldstein, Niecy Nash & More | Phoning It In | ELLE","https://www.youtube.com/watch?v=UXa839Gx8qg","9:24","https://i.ytimg.com/vi/UXa839Gx8qg/hqdefault.jpg","ELLE","https://www.youtube.com/@ELLE","10d ago",""
"Something is jamming GPS over Europe. Here's what we found","https://www.youtube.com/watch?v=tz23G_UXCGA","34:17","https://i.ytimg.com/vi/tz23G_UXCGA/hqdefault.jpg","Veritasium","https://www.youtube.com/@veritasium","2w ago",""
"QUI CONNAÎT LE PLUS DE MEMES (IRL) ? (feat SQUEEZIE & ADÈLE CASTILLON)","https://www.youtube.com/watch?v=OR0JMeZCayQ","54:59","https://i.ytimg.com/vi/OR0JMeZCayQ/hqdefault.jpg","Mister V","https://www.youtube.com/@mistervofficial","13d ago",""
"The Truth About the ""Whoop Killer""","https://www.youtube.com/watch?v=9GSDvO0LFFE","17:42","https://i.ytimg.com/vi/9GSDvO0LFFE/hqdefault.jpg","Marques Brownlee","https://www.youtube.com/@mkbhd","3w ago",""
"What toys have kids played with throughout history?","https://www.youtube.com/watch?v=aob7rM5PV5A","5:22","https://i.ytimg.com/vi/aob7rM5PV5A/hqdefault.jpg","TED-Ed","https://www.youtube.com/@TEDEd","3w ago",""
"La science terrifiante de la kétamine","https://www.youtube.com/watch?v=Cn0iA0KFXnE","13:50","https://i.ytimg.com/vi/Cn0iA0KFXnE/hqdefault.jpg","Dr Nozman","https://www.youtube.com/@DrNozman","3w ago",""
"Lupita Nyong'o is Obsessed with 'Abbott Elementary' | Ask Me Anything | ELLE","https://www.youtube.com/watch?v=K7uQeXNZcvo","6:56","https://i.ytimg.com/vi/K7uQeXNZcvo/hqdefault.jpg","ELLE","https://www.youtube.com/@ELLE","3w ago",""
"The Dark History Behind Classic Nursery Rhymes | Mental Floss","https://www.youtube.com/watch?v=SDtQ17XHwQY","9:53","https://i.ytimg.com/vi/SDtQ17XHwQY/hqdefault.jpg","Mental Floss","https://www.youtube.com/@MentalFloss","3w ago",""
"Zendaya Has Been Dreaming Up Her Wedding Dress Since Kindergarten | Clothes of Our Lives | ELLE","https://www.youtube.com/watch?v=rlqPAq06wgQ","8:15","https://i.ytimg.com/vi/rlqPAq06wgQ/hqdefault.jpg","ELLE","https://www.youtube.com/@ELLE","3w ago",""
"Emily Blunt Is Up to the Challenge While Eating Spicy Wings | Hot Ones","https://www.youtube.com/watch?v=6rXotBDLLyE","25:18","https://i.ytimg.com/vi/6rXotBDLLyE/hqdefault.jpg","First We Feast","https://www.youtube.com/@FirstWeFeast","3w ago",""
"Why your best ideas usually start as bad ones | Think Like A Musician","https://www.youtube.com/watch?v=BlK23YzqXOM","4:53","https://i.ytimg.com/vi/BlK23YzqXOM/hqdefault.jpg","","","3w ago",""
"The Hidden Tech Behind an NBA Broadcast!","https://www.youtube.com/watch?v=mk_wdHePbtQ","11:03","https://i.ytimg.com/vi/mk_wdHePbtQ/hqdefault.jpg","Marques Brownlee","https://www.youtube.com/@mkbhd","3w ago",""
"Can there ever really be “one China?”","https://www.youtube.com/watch?v=ZOJ1lX8ykhg","13:19","https://i.ytimg.com/vi/ZOJ1lX8ykhg/hqdefault.jpg","Vox","https://www.youtube.com/@Vox","3w ago",""
"Charlize Theron is the Ultimate Fangirl | Ask Me Anything | ELLE","https://www.youtube.com/watch?v=EIr9Jv1Qy6E","6:36","https://i.ytimg.com/vi/EIr9Jv1Qy6E/hqdefault.jpg","ELLE","https://www.youtube.com/@ELLE","3w ago",""
"Timbaland, Justin Blau - Can You Be Mine ft. Alice Aera(Official Music Video)","https://www.youtube.com/watch?v=iLQKsiwV05I","2:38","https://i.ytimg.com/vi/iLQKsiwV05I/hqdefault.jpg","Justin Blau and Timbaland","","3w ago",""
"Can Switzerland Stay Neutral?","https://www.youtube.com/watch?v=Y2v6rAK6pZs","17:30","https://i.ytimg.com/vi/Y2v6rAK6pZs/hqdefault.jpg","PolyMatter","https://www.youtube.com/@PolyMatter","3w ago",""
"Google Maps is unreasonably fast. Let me explain","https://www.youtube.com/watch?v=kS-CGkiPetQ","29:54","https://i.ytimg.com/vi/kS-CGkiPetQ/hqdefault.jpg","Veritasium and 2swap","","2w ago",""
"What is Umami? Master the 5th Taste with Two Simple Recipes | Flavor Forward","https://www.youtube.com/watch?v=Iv9u5qlHbSA","10:22","https://i.ytimg.com/vi/Iv9u5qlHbSA/hqdefault.jpg","America's Test Kitchen","https://www.youtube.com/@AmericasTestKitchen","2w ago",""
"Steel Absorbs Gas Like a Sponge","https://www.youtube.com/watch?v=IFqI11SIGXo","18:08","https://i.ytimg.com/vi/IFqI11SIGXo/hqdefault.jpg","Steve Mould","https://www.youtube.com/@SteveMould","2w ago",""
"2026 Nissan Leaf Graduated from Glow-Up University","https://www.youtube.com/watch?v=clsbuM6uf1A","12:01","https://i.ytimg.com/vi/clsbuM6uf1A/hqdefault.jpg","Auto Focus","https://www.youtube.com/@AutoFocus","2w ago",""
"The dark origins of Disney fairy tales - Claudia Schwabe","https://www.youtube.com/watch?v=pyDZpDkU46Y","5:31","https://i.ytimg.com/vi/pyDZpDkU46Y/hqdefault.jpg","TED-Ed","https://www.youtube.com/@TEDEd","2w ago",""
"How People With Meta Glasses Can Secretly Record You","https://www.youtube.com/watch?v=EaJSPeJmqis","7:46","https://i.ytimg.com/vi/EaJSPeJmqis/hqdefault.jpg","Joanna Stern","https://www.youtube.com/@JoannaStern","2w ago",""
"Charli xcx - SS26 (Official Video)","https://www.youtube.com/watch?v=twLhSqabby0","2:53","https://i.ytimg.com/vi/twLhSqabby0/hqdefault.jpg","Charli xcx","https://www.youtube.com/channel/UCOvEMf00DnwdkpOCRWdc6uA","4w ago",""
"Keke Palmer Prank Calls Teyana Taylor, Issa Rae & Boots Riley | Phoning It In | ELLE","https://www.youtube.com/watch?v=3wro92OUFnA","7:11","https://i.ytimg.com/vi/3wro92OUFnA/hqdefault.jpg","ELLE","https://www.youtube.com/@ELLE","4w ago",""
"Why Benzoyl Peroxide Helps… But Your Acne Comes Back","https://www.youtube.com/watch?v=vFkDKwJMaQ0","5:22","https://i.ytimg.com/vi/vFkDKwJMaQ0/hqdefault.jpg","Melissa Van Dijk","https://www.youtube.com/@MelissaVanDijkOfficial","4w ago",""
"The Uncomfortable Truth About Ozempic (Updated Version)","https://www.youtube.com/watch?v=TYhNHX372ek","15:53","https://i.ytimg.com/vi/TYhNHX372ek/hqdefault.jpg","Kurzgesagt – In a Nutshell","https://www.youtube.com/@kurzgesagt","1mo ago",""
"Why is getting bitten by a rabid animal so dangerous? - Charles Rupprecht","https://www.youtube.com/watch?v=gePOX4nbMU4","6:04","https://i.ytimg.com/vi/gePOX4nbMU4/hqdefault.jpg","TED-Ed","https://www.youtube.com/@TEDEd","1mo ago",""
"Edgar Allan Poe's story of the Red Death - Iseult Gillespie","https://www.youtube.com/watch?v=HdieAFhQtPo","7:06","https://i.ytimg.com/vi/HdieAFhQtPo/hqdefault.jpg","TED-Ed","https://www.youtube.com/@TEDEd","1mo ago",""
"Things You Think Are Ancient But Are Actually Modern | Mental Floss","https://www.youtube.com/watch?v=qwc4HZt4IPc","8:34","https://i.ytimg.com/vi/qwc4HZt4IPc/hqdefault.jpg","Mental Floss","https://www.youtube.com/@MentalFloss","1mo ago",""
"“The Biggest Android Update Ever”","https://www.youtube.com/watch?v=eFeDpUVEy48","12:59","https://i.ytimg.com/vi/eFeDpUVEy48/hqdefault.jpg","Marques Brownlee","https://www.youtube.com/@mkbhd","1mo ago",""
"The missing ingredient in how we learn","https://www.youtube.com/watch?v=mA1lnxfqHk8","5:50","https://i.ytimg.com/vi/mA1lnxfqHk8/hqdefault.jpg","TED-Ed","https://www.youtube.com/@TEDEd","1mo ago",""
"Le projet secret des soldats dopés !","https://www.youtube.com/watch?v=l1G-ID1yAes","12:45","https://i.ytimg.com/vi/l1G-ID1yAes/hqdefault.jpg","Dr Nozman","https://www.youtube.com/@DrNozman","1mo ago",""
"What would J.R.R. Tolkien think of Palantir?","https://www.youtube.com/watch?v=53cfZgDxEWY","11:36","https://i.ytimg.com/vi/53cfZgDxEWY/hqdefault.jpg","Vox","https://www.youtube.com/@Vox","1mo ago",""
"This is a Touchscreen MacBook","https://www.youtube.com/watch?v=8zGNeT8fU9Y","7:19","https://i.ytimg.com/vi/8zGNeT8fU9Y/hqdefault.jpg","Dave2D","https://www.youtube.com/@Dave2D","1mo ago",""
"Why New Smartphone Cameras Feel Worse","https://www.youtube.com/watch?v=coX4duwUCpw","7:23","https://i.ytimg.com/vi/coX4duwUCpw/hqdefault.jpg","Marques Brownlee","https://www.youtube.com/@mkbhd","1mo ago",""
"The CIA's new tech doesn't make sense","https://www.youtube.com/watch?v=SVTPv4sI_Jc","21:18","https://i.ytimg.com/vi/SVTPv4sI_Jc/hqdefault.jpg","Veritasium","https://www.youtube.com/@veritasium","1mo ago",""
"GERMANY IS OVER","https://www.youtube.com/watch?v=n-gYFcVx-8Y","14:05","https://i.ytimg.com/vi/n-gYFcVx-8Y/hqdefault.jpg","Kurzgesagt – In a Nutshell","https://www.youtube.com/@kurzgesagt","1mo ago",""
"Chainsaws were Invented for Childbirth + 14 Other Surprising Origin Stories | Mental Floss","https://www.youtube.com/watch?v=acJud7jEARE","8:03","https://i.ytimg.com/vi/acJud7jEARE/hqdefault.jpg","Mental Floss","https://www.youtube.com/@MentalFloss","1mo ago",""
"What to do if you live in the path of a volcano - Arianna Soldati","https://www.youtube.com/watch?v=8H--GLt3h8I","5:16","https://i.ytimg.com/vi/8H--GLt3h8I/hqdefault_custom_2.jpg","TED-Ed","https://www.youtube.com/@TEDEd","1mo ago",""
"What I Learned Letting AI Into All Parts of My Life","https://www.youtube.com/watch?v=e8IPrAKtDe0","7:17","https://i.ytimg.com/vi/e8IPrAKtDe0/hqdefault.jpg","Joanna Stern","https://www.youtube.com/@JoannaStern","1mo ago",""
"What's Hidden Under Antarctica?","https://www.youtube.com/watch?v=XfGEMCb6BQU","18:49","https://i.ytimg.com/vi/XfGEMCb6BQU/hqdefault.jpg","Cleo Abram","https://www.youtube.com/@CleoAbram","1mo ago",""
"Mosimann & Natoo parlent d’amour sans filtre | Love Interview","https://www.youtube.com/watch?v=oUHRAEoU2YA","38:05","https://i.ytimg.com/vi/oUHRAEoU2YA/hqdefault.jpg","Konbini and 2 more","","1mo ago",""
"The Truly Absurd Secrets of An Incredible Americano","https://www.youtube.com/watch?v=0HdzJz_evNw","24:51","https://i.ytimg.com/vi/0HdzJz_evNw/hqdefault.jpg","James Hoffmann","https://www.youtube.com/@jameshoffmann","1mo ago",""
"The Film That Attacks You","https://www.youtube.com/watch?v=sj1y9FDJKCM","8:26","https://i.ytimg.com/vi/sj1y9FDJKCM/hqdefault.jpg","Nerdwriter1","https://www.youtube.com/@Nerdwriter1","1mo ago",""
"Why do we use ""they"" as a singular pronoun? - Arika Okrent","https://www.youtube.com/watch?v=65I_1sgTMLE","5:34","https://i.ytimg.com/vi/65I_1sgTMLE/hqdefault.jpg","TED-Ed","https://www.youtube.com/@TEDEd","1mo ago",""
"Chinese Robots Are Flooding America. I Brought One Home.","https://www.youtube.com/watch?v=ucy9VTLDwPU","11:11","https://i.ytimg.com/vi/ucy9VTLDwPU/hqdefault.jpg","Joanna Stern","https://www.youtube.com/@JoannaStern","1mo ago",""
"13 Jobs You Won't Believe Were Real | Mental Floss","https://www.youtube.com/watch?v=_hp4akqIOYo","9:55","https://i.ytimg.com/vi/_hp4akqIOYo/hqdefault.jpg","Mental Floss","https://www.youtube.com/@MentalFloss","1mo ago",""
"The Crystal That Could Destroy All Medicine","https://www.youtube.com/watch?v=ksn5yrsC3Wg","33:25","https://i.ytimg.com/vi/ksn5yrsC3Wg/hqdefault.jpg","Veritasium","https://www.youtube.com/@veritasium","1mo ago",""
"The fascinating reason you loved peek-a-boo","https://www.youtube.com/watch?v=qKM4JzToM-A","5:29","https://i.ytimg.com/vi/qKM4JzToM-A/hqdefault.jpg","TED-Ed","https://www.youtube.com/@TEDEd","1mo ago",""
"Walmart’s New Plan to Defeat Amazon","https://www.youtube.com/watch?v=t9PF8V132Y4","19:49","https://i.ytimg.com/vi/t9PF8V132Y4/hqdefault.jpg","PolyMatter","https://www.youtube.com/@PolyMatter","1mo ago",""
"Hegseth's holy war","https://www.youtube.com/watch?v=qW2-xkTZmp8","8:09","https://i.ytimg.com/vi/qW2-xkTZmp8/hqdefault.jpg","Vox","https://www.youtube.com/@Vox","1mo ago",""
"How the Last Queen of Egypt Lost EVERYTHING","https://www.youtube.com/watch?v=WajgNhbbeHM","16:58","https://i.ytimg.com/vi/WajgNhbbeHM/hqdefault.jpg","Nightshift – Kurzgesagt After Dark","https://www.youtube.com/@nightshift_kurzgesagt","1mo ago",""
"Write every day, even if it’s terrible | Think Like A Musician","https://www.youtube.com/watch?v=2x3rJMBVB28","6:01","https://i.ytimg.com/vi/2x3rJMBVB28/hqdefault.jpg","","","1mo ago",""
"Bon Entendeur vs. Dalida - Mourir sur scène","https://www.youtube.com/watch?v=u_p9Y8VaBZw","3:40","https://i.ytimg.com/vi/u_p9Y8VaBZw/hqdefault.jpg","Bon Entendeur and Dalida","","1mo ago",""
"Olivia Rodrigo - drop dead (taken that eurostar to france)","https://www.youtube.com/watch?v=kxqeX_2FUs0","3:56","https://i.ytimg.com/vi/kxqeX_2FUs0/hqdefault.jpg","Olivia Rodrigo","https://www.youtube.com/channel/UCy3zgWom-5AGypGX_FVTKpg","1mo ago",""
"Glass is glass","https://www.youtube.com/watch?v=7YrdI7h2XoY","4:46","https://i.ytimg.com/vi/7YrdI7h2XoY/hqdefault.jpg","Marques Brownlee","https://www.youtube.com/@mkbhd","1mo ago",""
"The Ticketmaster monopoly is over, now what?","https://www.youtube.com/watch?v=PIA6m5_VizY","6:12","https://i.ytimg.com/vi/PIA6m5_VizY/hqdefault.jpg","Vox","https://www.youtube.com/@Vox","1mo ago",""
"Why I Left My Prestigious Job to Make YouTube Videos","https://www.youtube.com/watch?v=Qd2Dyr0m3BI","7:58","https://i.ytimg.com/vi/Qd2Dyr0m3BI/hqdefault.jpg","Joanna Stern","https://www.youtube.com/@JoannaStern","1mo ago",""
"Our Minds Are Weirder than You Think","https://www.youtube.com/watch?v=dl0-TveDDGA","12:22","https://i.ytimg.com/vi/dl0-TveDDGA/hqdefault.jpg","Kurzgesagt – In a Nutshell","https://www.youtube.com/@kurzgesagt","1mo ago",""
"Why was this kung fu masterpiece banned? - Gladys Mac","https://www.youtube.com/watch?v=NEFmWclWiOw","5:07","https://i.ytimg.com/vi/NEFmWclWiOw/hqdefault.jpg","TED-Ed","https://www.youtube.com/@TEDEd","1mo ago",""
"So This is Peak Smartphone","https://www.youtube.com/watch?v=c347oYQO57A","13:17","https://i.ytimg.com/vi/c347oYQO57A/hqdefault.jpg","Marques Brownlee","https://www.youtube.com/@mkbhd","1mo ago",""
"China is Not a Socialist Utopia.","https://www.youtube.com/watch?v=uQTosk4xLT8","16:52","https://i.ytimg.com/vi/uQTosk4xLT8/hqdefault.jpg","PolyMatter","https://www.youtube.com/@PolyMatter","2mo ago",""
"The credit card crisis","https://www.youtube.com/watch?v=zVDW0RScEHc","9:02","https://i.ytimg.com/vi/zVDW0RScEHc/hqdefault.jpg","Vox","https://www.youtube.com/@Vox","2mo ago",""
"How easy is it to steal $10,000 from a locked phone?","https://www.youtube.com/watch?v=PPJ6NJkmDAo","25:44","https://i.ytimg.com/vi/PPJ6NJkmDAo/hqdefault.jpg","Veritasium","https://www.youtube.com/@veritasium","2mo ago",""
"Do imaginary friends make you smarter?","https://www.youtube.com/watch?v=qLrnn24C3zU","5:15","https://i.ytimg.com/vi/qLrnn24C3zU/hqdefault.jpg","TED-Ed","https://www.youtube.com/@TEDEd","2mo ago",""
"How Shakespeare Manipulates An Audience","https://www.youtube.com/watch?v=RjkoCg0Yd4w","11:47","https://i.ytimg.com/vi/RjkoCg0Yd4w/hqdefault.jpg","Nerdwriter1","https://www.youtube.com/@Nerdwriter1","2mo ago",""
"Little Tikes Cozy Coupe Review","https://www.youtube.com/watch?v=Gs5r8iGPjSg","5:14","https://i.ytimg.com/vi/Gs5r8iGPjSg/hqdefault.jpg","Auto Focus","https://www.youtube.com/@AutoFocus","2mo ago",""
"The end of birthright citizenship as we know it?","https://www.youtube.com/watch?v=_5FY6h4wg6M","9:22","https://i.ytimg.com/vi/_5FY6h4wg6M/hqdefault.jpg","Vox","https://www.youtube.com/@Vox","2mo ago",""
"The haunting history of the Paris Catacombs - Stephanie H. Smith","https://www.youtube.com/watch?v=ngarNTPMclE","6:09","https://i.ytimg.com/vi/ngarNTPMclE/hqdefault.jpg","TED-Ed","https://www.youtube.com/@TEDEd","2mo ago",""
"What happens if you drop 0.125 grams of antimatter?","https://www.youtube.com/watch?v=jjp3WC8Unj8","58:54","https://i.ytimg.com/vi/jjp3WC8Unj8/hqdefault_custom_1.jpg","Veritasium","https://www.youtube.com/@veritasium","2mo ago",""
"The Hardest Problem AI Ever Solved, with Google DeepMind CEO","https://www.youtube.com/watch?v=C0gErQtnNFE","1:05:11","https://i.ytimg.com/vi/C0gErQtnNFE/hqdefault.jpg","Cleo Abram","https://www.youtube.com/@CleoAbram","2mo ago",""
"How do snakes swallow animals so much bigger than they are? - Niko Zlotnik","https://www.youtube.com/watch?v=m2BE9GZJJbs","6:47","https://i.ytimg.com/vi/m2BE9GZJJbs/hqdefault.jpg","TED-Ed","https://www.youtube.com/@TEDEd","2mo ago",""
"Historical Overlaps that Will Make You Question Your Sense of Time | Mental Floss","https://www.youtube.com/watch?v=OTGR79JDYXQ","8:20","https://i.ytimg.com/vi/OTGR79JDYXQ/hqdefault.jpg","Mental Floss","https://www.youtube.com/@MentalFloss","2mo ago",""
"The Best Air Purifier Is A $150 DIY Option","https://www.youtube.com/watch?v=RjN205kkwoY","10:57","https://i.ytimg.com/vi/RjN205kkwoY/hqdefault.jpg","RTINGS R&D","https://www.youtube.com/@RTINGSRD","1y ago",""
"Why some couples are happier living apart","https://www.youtube.com/watch?v=Jt4aEOz7i-I","7:51","https://i.ytimg.com/vi/Jt4aEOz7i-I/hqdefault.jpg","Vox","https://www.youtube.com/@Vox","2mo ago",""
"Why Puerto Rico’s Economy Doesn’t Work","https://www.youtube.com/watch?v=tFjvMTtbGHw","16:54","https://i.ytimg.com/vi/tFjvMTtbGHw/hqdefault.jpg","PolyMatter","https://www.youtube.com/@PolyMatter","2mo ago",""
"3 surprising ways microplastics can enter your body","https://www.youtube.com/watch?v=lQRsqMiBTsI","6:10","https://i.ytimg.com/vi/lQRsqMiBTsI/hqdefault.jpg","TED-Ed","https://www.youtube.com/@TEDEd","3mo ago",""
"AI bots are now conducting job interviews. I tried it","https://www.youtube.com/watch?v=mtIUQhb2h3A","9:14","https://i.ytimg.com/vi/mtIUQhb2h3A/hqdefault.jpg","The Verge","https://www.youtube.com/@TheVerge","3mo ago",""
"Why Is It Called a Crush? (and 14 other surprising word origins) | Mental Floss","https://www.youtube.com/watch?v=SoTyWtJyZPU","5:30","https://i.ytimg.com/vi/SoTyWtJyZPU/hqdefault.jpg","Mental Floss","https://www.youtube.com/@MentalFloss","3mo ago",""
"How Red Bull Built Its Empire","https://www.youtube.com/watch?v=gokC5fXEM00","16:54","https://i.ytimg.com/vi/gokC5fXEM00/hqdefault.jpg","Wendover Productions","https://www.youtube.com/@Wendoverproductions","3mo ago",""
"We spoke to recruiting companies on hiring in the AI era","https://www.youtube.com/watch?v=FxGg_CIqvsg","8:21","https://i.ytimg.com/vi/FxGg_CIqvsg/hqdefault.jpg","The Verge","https://www.youtube.com/@TheVerge","3mo ago",""
"Teyana Taylor Battles One Hot Sauce After Another While Eating Spicy Wings | Hot Ones","https://www.youtube.com/watch?v=OBDwipBVYUQ","19:55","https://i.ytimg.com/vi/OBDwipBVYUQ/hqdefault.jpg","First We Feast","https://www.youtube.com/@FirstWeFeast","3mo ago",""
"America’s Self-Inflicted Doctor Shortage","https://www.youtube.com/watch?v=vEH4yo7PqzM","18:26","https://i.ytimg.com/vi/vEH4yo7PqzM/hqdefault.jpg","PolyMatter","https://www.youtube.com/@PolyMatter","3mo ago",""
"To fight authoritarianism, America should look to Brazil","https://www.youtube.com/watch?v=mhPHV7aoFHg","11:02","https://i.ytimg.com/vi/mhPHV7aoFHg/hqdefault.jpg","Vox","https://www.youtube.com/@Vox","3mo ago",""
"Daniel Radcliffe Worries About the Aftermath While Eating Spicy Wings | Hot Ones","https://www.youtube.com/watch?v=fyw8CUE3LX4","21:44","https://i.ytimg.com/vi/fyw8CUE3LX4/hqdefault.jpg","First We Feast","https://www.youtube.com/@FirstWeFeast","4mo ago",""
"The biggest myths about Neanderthals - Bruce Hardy","https://www.youtube.com/watch?v=EtiC0DVewa4","7:10","https://i.ytimg.com/vi/EtiC0DVewa4/hqdefault.jpg","TED-Ed","https://www.youtube.com/@TEDEd","4mo ago",""
"3 things that can cause painful periods - Chen X. Chen","https://www.youtube.com/watch?v=NOaeKRft-gc","5:29","https://i.ytimg.com/vi/NOaeKRft-gc/hqdefault.jpg","TED-Ed","https://www.youtube.com/@TEDEd","4mo ago",""
"5 Lessons I Wish I Learned Sooner | Lilly Singh York University Convocation Speech","https://www.youtube.com/watch?v=azJ27CmLJhw","12:42","https://i.ytimg.com/vi/azJ27CmLJhw/hqdefault.jpg","Lilly Singh","https://www.youtube.com/@LillySingh","4mo ago",""
"Better Mac Screen Sharing!","https://www.youtube.com/watch?v=5ZXCNGCaYbg","11:48","https://i.ytimg.com/vi/5ZXCNGCaYbg/hqdefault.jpg","9to5Mac","https://www.youtube.com/@9to5Mac","4mo ago",""
"Taiwan is Not Venezuela","https://www.youtube.com/watch?v=EZTWK5fjHnk","21:25","https://i.ytimg.com/vi/EZTWK5fjHnk/hqdefault.jpg","PolyMatter","https://www.youtube.com/@PolyMatter","4mo ago",""
"Can You Turn a Rainbow Back into White Light?","https://www.youtube.com/watch?v=RaQfGqsB30o","11:39","https://i.ytimg.com/vi/RaQfGqsB30o/hqdefault.jpg","Steve Mould","https://www.youtube.com/@SteveMould","4mo ago",""
"The Tiny Donut That Proved We Still Don't Understand Magnetism","https://www.youtube.com/watch?v=XKSjCOKDtpk","35:53","https://i.ytimg.com/vi/XKSjCOKDtpk/hqdefault.jpg","Veritasium","https://www.youtube.com/@veritasium","4mo ago",""
"Mes vidéos explosent au Japon, pourquoi ?","https://www.youtube.com/watch?v=n9FZ2NVfqFc","23:57","https://i.ytimg.com/vi/n9FZ2NVfqFc/hqdefault.jpg","Dr Nozman","https://www.youtube.com/@DrNozman","4mo ago",""
"The Samurai Who Became A Roman Citizen","https://www.youtube.com/watch?v=9TsfaBwDwEI","13:48","https://i.ytimg.com/vi/9TsfaBwDwEI/hqdefault.jpg","Nerdwriter1","https://www.youtube.com/@Nerdwriter1","4mo ago",""
"What Happens If You Keep Slowing Down?","https://www.youtube.com/watch?v=P-4pbFcERnk","30:09","https://i.ytimg.com/vi/P-4pbFcERnk/hqdefault.jpg","Veritasium","https://www.youtube.com/@veritasium","5mo ago",""
"Are America’s Students Falling Behind?","https://www.youtube.com/watch?v=GpflQtqkQZ0","12:45","https://i.ytimg.com/vi/GpflQtqkQZ0/hqdefault.jpg","PolyMatter","https://www.youtube.com/@PolyMatter","4mo ago",""
"The Liquid Hammer Toy You Can't Buy","https://www.youtube.com/watch?v=RWbCC6f_k1c","15:00","https://i.ytimg.com/vi/RWbCC6f_k1c/hqdefault.jpg","Steve Mould","https://www.youtube.com/@SteveMould","4mo ago",""
"The Best Way To Cook Bacon? | Techniquely with Lan Lam","https://www.youtube.com/watch?v=tDBSQKEKrW4","12:46","https://i.ytimg.com/vi/tDBSQKEKrW4/hqdefault.jpg","America's Test Kitchen","https://www.youtube.com/@AmericasTestKitchen","4mo ago",""
"I'm Finally Done With Consoles","https://www.youtube.com/watch?v=oSoK4I55pW0","13:05","https://i.ytimg.com/vi/oSoK4I55pW0/hqdefault.jpg","Wavelengths","https://www.youtube.com/@itswavelengths","5mo ago",""
"Why Your Skin Gets Better on Vacation But Worse at Home","https://www.youtube.com/watch?v=cX1jvpAAw48","5:03","https://i.ytimg.com/vi/cX1jvpAAw48/hqdefault.jpg","Melissa Van Dijk","https://www.youtube.com/@MelissaVanDijkOfficial","5mo ago",""
"Which instrument should you play? | Think Like A Musician","https://www.youtube.com/watch?v=ybftH3XSd0Q","7:36","https://i.ytimg.com/vi/ybftH3XSd0Q/hqdefault.jpg","","","5mo ago",""
"HOT ONES : Artus saccage le plateau","https://www.youtube.com/watch?v=80r2tk-l0BE","34:32","https://i.ytimg.com/vi/80r2tk-l0BE/hqdefault.jpg","Studio Bagel","https://www.youtube.com/@StudioBagel","5mo ago",""
"There Is Something Faster Than Light","https://www.youtube.com/watch?v=NIk_0AW5hFU","44:16","https://i.ytimg.com/vi/NIk_0AW5hFU/hqdefault.jpg","Veritasium","https://www.youtube.com/@veritasium","6mo ago",""
"The European Country Putin Stubbornly Refuses to Invade","https://www.youtube.com/watch?v=HznjX-i3sqQ","15:44","https://i.ytimg.com/vi/HznjX-i3sqQ/hqdefault.jpg","PolyMatter","https://www.youtube.com/@PolyMatter","6mo ago",""
"Lady Gaga Shares 'My Life in 10 Songs,' Talks Bruce Springsteen, Carole King, The Cure, and More","https://www.youtube.com/watch?v=yodoncZ7t5M","20:34","https://i.ytimg.com/vi/yodoncZ7t5M/hqdefault.jpg","Rolling Stone and Lady Gaga","","6mo ago",""
"Winter got you feeling down? Watch this - Kelly Rohan","https://www.youtube.com/watch?v=0RiDPisQAzM","5:03","https://i.ytimg.com/vi/0RiDPisQAzM/hqdefault.jpg","TED-Ed","https://www.youtube.com/@TEDEd","6mo ago",""
"10 musicians weigh in on what makes for a great performance | Think Like A Musician","https://www.youtube.com/watch?v=zrjhaYc-9pg","6:47","https://i.ytimg.com/vi/zrjhaYc-9pg/hqdefault.jpg","","","6mo ago",""
"Weird Things Happen When Energy Goes Negative","https://www.youtube.com/watch?v=Y-W-w8yNiKU","35:23","https://i.ytimg.com/vi/Y-W-w8yNiKU/hqdefault.jpg","Veritasium","https://www.youtube.com/@veritasium","6mo ago",""
"Scientists still don't know the answer to this infamous question - Charles Wallace & Dan Kwartler","https://www.youtube.com/watch?v=3ezPMAoxSbw","6:12","https://i.ytimg.com/vi/3ezPMAoxSbw/hqdefault.jpg","TED-Ed","https://www.youtube.com/@TEDEd","6mo ago",""
"SNOW BEAR - A Hand-Drawn Animated Short Film (4K) by Aaron Blaise","https://www.youtube.com/watch?v=xOXolSQcEb4","11:46","https://i.ytimg.com/vi/xOXolSQcEb4/hqdefault.jpg","The Art of Aaron Blaise","https://www.youtube.com/@AaronBlaiseArt","6mo ago",""
"Astronomy Is In Crisis...And It's Incredibly Exciting","https://www.youtube.com/watch?v=zozEm4f_dlw","11:28","https://i.ytimg.com/vi/zozEm4f_dlw/hqdefault.jpg","Kurzgesagt – In a Nutshell","https://www.youtube.com/@kurzgesagt","6mo ago",""
"6 free features of Raycast to level up your Mac","https://www.youtube.com/watch?v=lDmxk9Jucrg","12:07","https://i.ytimg.com/vi/lDmxk9Jucrg/hqdefault.jpg","A Better Computer","https://www.youtube.com/@ABetterComputer","6mo ago",""
"Why Nepal Just Overthrew its Government","https://www.youtube.com/watch?v=E8e2sKgMbJA","15:01","https://i.ytimg.com/vi/E8e2sKgMbJA/hqdefault.jpg","PolyMatter","https://www.youtube.com/@PolyMatter","6mo ago",""
"I tried to fix iOS dictation","https://www.youtube.com/watch?v=Ks1e7FeCM3o","5:29","https://i.ytimg.com/vi/Ks1e7FeCM3o/hqdefault.jpg","A Better Computer","https://www.youtube.com/@ABetterComputer","6mo ago",""
"The Most Overlooked Baking Ingredient? | What's Eating Dan?","https://www.youtube.com/watch?v=LPmxbyGJWgg","8:54","https://i.ytimg.com/vi/LPmxbyGJWgg/hqdefault.jpg","America's Test Kitchen","https://www.youtube.com/@AmericasTestKitchen","6mo ago",""
"The Fat Problem","https://www.youtube.com/watch?v=sOsqXKr4l30","11:36","https://i.ytimg.com/vi/sOsqXKr4l30/hqdefault.jpg","Kurzgesagt – In a Nutshell","https://www.youtube.com/@kurzgesagt","7mo ago",""
"HOT ONES : Camille Chamoux a eu plus chaud que sur la Flamme","https://www.youtube.com/watch?v=R46MtMUjzZ0","33:39","https://i.ytimg.com/vi/R46MtMUjzZ0/hqdefault.jpg","Studio Bagel","https://www.youtube.com/@StudioBagel","7mo ago",""
"How the lead industry lied to the public for decades - Gerald Markowitz and David Rosner","https://www.youtube.com/watch?v=AMKzXZphgyo","5:05","https://i.ytimg.com/vi/AMKzXZphgyo/hqdefault.jpg","TED-Ed","https://www.youtube.com/@TEDEd","7mo ago",""
"The salmon dilemma","https://www.youtube.com/watch?v=14pAZJMgnZw","7:56","https://i.ytimg.com/vi/14pAZJMgnZw/hqdefault.jpg","Vox","https://www.youtube.com/@Vox","7mo ago",""
"Why Skincare Routines Fail (The Truth About Internal Skin Health).","https://www.youtube.com/watch?v=aGPc279h17A","4:13","https://i.ytimg.com/vi/aGPc279h17A/hqdefault.jpg","Melissa Van Dijk","https://www.youtube.com/@MelissaVanDijkOfficial","7mo ago",""
"How to Make the Perfect Martini | The Cocktail Lab | America's Test Kitchen","https://www.youtube.com/watch?v=Dsq6hhllXxM","8:29","https://i.ytimg.com/vi/Dsq6hhllXxM/hqdefault.jpg","America's Test Kitchen","https://www.youtube.com/@AmericasTestKitchen","7mo ago",""
"How Marlon Brando Changed Acting","https://www.youtube.com/watch?v=-L6OGruW9i4","9:58","https://i.ytimg.com/vi/-L6OGruW9i4/hqdefault.jpg","Nerdwriter1","https://www.youtube.com/@Nerdwriter1","7mo ago",""
"I use Claude Code on the web more than I expected I would","https://www.youtube.com/watch?v=L9UheCSi0ZQ","8:27","https://i.ytimg.com/vi/L9UheCSi0ZQ/hqdefault.jpg","A Better Computer","https://www.youtube.com/@ABetterComputer","7mo ago",""
"Japan's most famous ghost story - Jeffrey Angles","https://www.youtube.com/watch?v=56F0Y33QZnQ","5:40","https://i.ytimg.com/vi/56F0Y33QZnQ/hqdefault.jpg","TED-Ed","https://www.youtube.com/@TEDEd","7mo ago",""
"The genius logic of the NATO phonetic alphabet","https://www.youtube.com/watch?v=UAT-eOzeY4M","23:28","https://i.ytimg.com/vi/UAT-eOzeY4M/hqdefault.jpg","RobWords","https://www.youtube.com/@RobWords","8mo ago",""
"Do You Really Need a Cleanser?","https://www.youtube.com/watch?v=LoJz_p9dxFc","6:25","https://i.ytimg.com/vi/LoJz_p9dxFc/hqdefault.jpg","Melissa Van Dijk","https://www.youtube.com/@MelissaVanDijkOfficial","8mo ago",""
"Make a Perfect Tarte Tatin Using Our Foolproof Method | America's Test Kitchen","https://www.youtube.com/watch?v=fZFT8bxAxuM","13:25","https://i.ytimg.com/vi/fZFT8bxAxuM/hqdefault.jpg","America's Test Kitchen","https://www.youtube.com/@AmericasTestKitchen","7mo ago",""
"History vs. Russia’s most infamous empress - Carolyn Harris","https://www.youtube.com/watch?v=uJ_d-UD0xPE","6:31","https://i.ytimg.com/vi/uJ_d-UD0xPE/hqdefault.jpg","TED-Ed","https://www.youtube.com/@TEDEd","7mo ago",""
"The Real Reason We Should Revive Extinct Animals","https://www.youtube.com/watch?v=iX6w1P60m8M","15:50","https://i.ytimg.com/vi/iX6w1P60m8M/hqdefault.jpg","Cleo Abram","https://www.youtube.com/@CleoAbram","8mo ago",""
"The TikTok travel gadgets that are actually useful","https://www.youtube.com/watch?v=Wbyz7LAp0kM","16:39","https://i.ytimg.com/vi/Wbyz7LAp0kM/hqdefault.jpg","The Verge","https://www.youtube.com/@TheVerge","8mo ago",""
"AI Slop Is Destroying The Internet","https://www.youtube.com/watch?v=_zfN9wnPvU0","9:52","https://i.ytimg.com/vi/_zfN9wnPvU0/hqdefault.jpg","Kurzgesagt – In a Nutshell","https://www.youtube.com/@kurzgesagt","8mo ago",""
"Can you really reach anyone in 6 steps?","https://www.youtube.com/watch?v=CYlon2tvywA","33:17","https://i.ytimg.com/vi/CYlon2tvywA/hqdefault.jpg","Veritasium","https://www.youtube.com/@veritasium","8mo ago",""
"We Found a Loophole to Survive the End of the Universe","https://www.youtube.com/watch?v=VMm-U2pHrXE","12:42","https://i.ytimg.com/vi/VMm-U2pHrXE/hqdefault.jpg","Kurzgesagt – In a Nutshell","https://www.youtube.com/@kurzgesagt","8mo ago",""
"Why China Banned Weird Architecture","https://www.youtube.com/watch?v=PoQvXW9QAPg","14:14","https://i.ytimg.com/vi/PoQvXW9QAPg/hqdefault.jpg","PolyMatter","https://www.youtube.com/@PolyMatter","8mo ago",""
"Pregnancy is Insane","https://www.youtube.com/watch?v=Zpq1GbPqhy4","13:16","https://i.ytimg.com/vi/Zpq1GbPqhy4/hqdefault.jpg","Kurzgesagt – In a Nutshell","https://www.youtube.com/@kurzgesagt","8mo ago",""
"Why Skydiving from a Hot Air Balloon can Make IT Fall Out of the Sky!","https://www.youtube.com/watch?v=Q09iCVNFLvw","19:51","https://i.ytimg.com/vi/Q09iCVNFLvw/hqdefault.jpg","Debunked and Cleto Criado del Rey","","8mo ago",""
"The Man Who Fooled The World","https://www.youtube.com/watch?v=onr80iOoEXs","46:09","https://i.ytimg.com/vi/onr80iOoEXs/hqdefault.jpg","Veritasium","https://www.youtube.com/@veritasium","8mo ago",""
"Wait... Smart Glasses are Suddenly Good?","https://www.youtube.com/watch?v=7gtc1DW2Tgo","11:31","https://i.ytimg.com/vi/7gtc1DW2Tgo/hqdefault.jpg","Marques Brownlee","https://www.youtube.com/@mkbhd","9mo ago",""
"Keke Palmer Heats Things Up While Eating Spicy Wings | Hot Ones","https://www.youtube.com/watch?v=gs9SjDzf3Sw","22:09","https://i.ytimg.com/vi/gs9SjDzf3Sw/hqdefault.jpg","First We Feast","https://www.youtube.com/@FirstWeFeast","9mo ago",""
"Can Humanity Stop A Planet-Killing Asteroid?","https://www.youtube.com/watch?v=dKm7T13X7n4","12:44","https://i.ytimg.com/vi/dKm7T13X7n4/hqdefault.jpg","Kurzgesagt – In a Nutshell","https://www.youtube.com/@kurzgesagt","9mo ago",""
"How to improve your singing | Think Like A Musician","https://www.youtube.com/watch?v=QUQyf_irWlw","5:46","https://i.ytimg.com/vi/QUQyf_irWlw/hqdefault.jpg","","","9mo ago",""
"La nouvelle mode dangereuse du Xanax !","https://www.youtube.com/watch?v=uxpk5t5L71A","16:36","https://i.ytimg.com/vi/uxpk5t5L71A/hqdefault.jpg","Dr Nozman","https://www.youtube.com/@DrNozman","9mo ago",""
"15 Phrases You're Saying Wrong","https://www.youtube.com/watch?v=gNI2pqSNBBM","9:33","https://i.ytimg.com/vi/gNI2pqSNBBM/hqdefault.jpg","Mental Floss","https://www.youtube.com/@MentalFloss","9mo ago",""
"Why Do Escalator Steps Have Teeth?","https://www.youtube.com/watch?v=tZ8ehplVFp4","22:18","https://i.ytimg.com/vi/tZ8ehplVFp4/hqdefault.jpg","Veritasium","https://www.youtube.com/@veritasium","9mo ago",""
"Can humans be trusted with control over genetics? - Michael Vazquez and Raye Ploeger","https://www.youtube.com/watch?v=SgtdVWEBXOM","5:12","https://i.ytimg.com/vi/SgtdVWEBXOM/hqdefault.jpg","TED-Ed","https://www.youtube.com/@TEDEd","9mo ago",""
"How Raphael Became A Master","https://www.youtube.com/watch?v=7izh06YBxHY","12:05","https://i.ytimg.com/vi/7izh06YBxHY/hqdefault.jpg","Nerdwriter1","https://www.youtube.com/@Nerdwriter1","9mo ago",""
"This is the natural disaster to worry about","https://www.youtube.com/watch?v=AFXLZ7FEJc4","41:07","https://i.ytimg.com/vi/AFXLZ7FEJc4/hqdefault.jpg","Veritasium","https://www.youtube.com/@veritasium","9mo ago",""
"Notion Mail is my favorite part of Superhuman *for free*","https://www.youtube.com/watch?v=laxi0atAttQ","7:05","https://i.ytimg.com/vi/laxi0atAttQ/hqdefault.jpg","A Better Computer","https://www.youtube.com/@ABetterComputer","9mo ago",""
"Can saunas make you live longer? - Max G. Levy","https://www.youtube.com/watch?v=7c-OXc6H7us","5:01","https://i.ytimg.com/vi/7c-OXc6H7us/hqdefault.jpg","TED-Ed","https://www.youtube.com/@TEDEd","9mo ago",""
"I Bought David Lynch’s Weird Coffee Maker","https://www.youtube.com/watch?v=rd1O-M_Vf2Q","16:51","https://i.ytimg.com/vi/rd1O-M_Vf2Q/hqdefault.jpg","James Hoffmann","https://www.youtube.com/@jameshoffmann","10mo ago",""
"5 ways to connect with people","https://www.youtube.com/watch?v=mGugp5qs6Vg","8:09","https://i.ytimg.com/vi/mGugp5qs6Vg/hqdefault.jpg","","","10mo ago",""
"What should you do if you accidentally cut off your finger? - Jason Hoellwarth","https://www.youtube.com/watch?v=wpWm87SfASQ","5:51","https://i.ytimg.com/vi/wpWm87SfASQ/hqdefault.jpg","TED-Ed","https://www.youtube.com/@TEDEd","10mo ago",""
"How You're Taught to Be Hateful (w/ Trinetra Gummaraju)","https://www.youtube.com/watch?v=MN1M-ycF4mQ","26:38","https://i.ytimg.com/vi/MN1M-ycF4mQ/hqdefault.jpg","Lilly Singh","https://www.youtube.com/@LillySingh","10mo ago",""
"Vos questions les plus étranges ! (vrai ou faux 100)","https://www.youtube.com/watch?v=C4cLqX8Ynoo","26:36","https://i.ytimg.com/vi/C4cLqX8Ynoo/hqdefault.jpg","Dr Nozman","https://www.youtube.com/@DrNozman","10mo ago",""
"The Greek tragedy of Oedipus' daughter - Stephen Esposito","https://www.youtube.com/watch?v=BGqkY-i0ZHU","5:41","https://i.ytimg.com/vi/BGqkY-i0ZHU/hqdefault.jpg","TED-Ed","https://www.youtube.com/@TEDEd","10mo ago",""
"20 Words & Terms Named After People | Mental Floss","https://www.youtube.com/watch?v=02CDvVo3xkQ","7:18","https://i.ytimg.com/vi/02CDvVo3xkQ/hqdefault.jpg","Mental Floss","https://www.youtube.com/@MentalFloss","10mo ago",""
"When Tarantino Learned To Shut Up","https://www.youtube.com/watch?v=01BrRGEzPaQ","10:38","https://i.ytimg.com/vi/01BrRGEzPaQ/hqdefault.jpg","kaptainkristian","https://www.youtube.com/@kaptainkristian","10mo ago",""
"Two Ways To Film The Same Scene (#2)","https://www.youtube.com/watch?v=WIenAw1_-F4","11:00","https://i.ytimg.com/vi/WIenAw1_-F4/hqdefault.jpg","Nerdwriter1","https://www.youtube.com/@Nerdwriter1","10mo ago",""
"How to speak with meaning","https://www.youtube.com/watch?v=PJKeLD-vMvo","10:24","https://i.ytimg.com/vi/PJKeLD-vMvo/hqdefault.jpg","","","10mo ago",""
"5 Wild Experiments In Zero Gravity (Bonus Episode)","https://www.youtube.com/watch?v=znWFsB0f0EA","11:07","https://i.ytimg.com/vi/znWFsB0f0EA/hqdefault.jpg","Cleo Abram","https://www.youtube.com/@CleoAbram","10mo ago",""
"The Strange Math That Predicts (Almost) Anything","https://www.youtube.com/watch?v=KZeIEiBrT_w","32:32","https://i.ytimg.com/vi/KZeIEiBrT_w/hqdefault.jpg","Veritasium","https://www.youtube.com/@veritasium","10mo ago",""
"What’s the best way to give a presentation?","https://www.youtube.com/watch?v=1sOgYNgq88E","8:07","https://i.ytimg.com/vi/1sOgYNgq88E/hqdefault.jpg","","","10mo ago",""
"Le pire virus de tous les temps est de retour ? (la rage)","https://www.youtube.com/watch?v=JcKGP8BRYy8","11:55","https://i.ytimg.com/vi/JcKGP8BRYy8/hqdefault.jpg","Dr Nozman","https://www.youtube.com/@DrNozman","10mo ago",""
"Why children get so many vaccines","https://www.youtube.com/watch?v=_1gluMtaUmg","8:43","https://i.ytimg.com/vi/_1gluMtaUmg/hqdefault.jpg","Vox","https://www.youtube.com/@Vox","10mo ago",""
"Maria Sharapova Finds Flow State While Eating Spicy Wings | Hot Ones","https://www.youtube.com/watch?v=f69iwGLhQcQ","23:12","https://i.ytimg.com/vi/f69iwGLhQcQ/hqdefault.jpg","First We Feast","https://www.youtube.com/@FirstWeFeast","11mo ago",""
"Are there really dead wasps in figs? - Carolyn Beans","https://www.youtube.com/watch?v=WRfZf43dnj8","5:20","https://i.ytimg.com/vi/WRfZf43dnj8/hqdefault.jpg","TED-Ed","https://www.youtube.com/@TEDEd","11mo ago",""
"What happens when you share an idea?","https://www.youtube.com/watch?v=Z7bfPaTfU0c","5:30","https://i.ytimg.com/vi/Z7bfPaTfU0c/hqdefault.jpg","","","11mo ago",""
"I Played Snake With Water","https://www.youtube.com/watch?v=rf-efIZI_Dg","13:29","https://i.ytimg.com/vi/rf-efIZI_Dg/hqdefault.jpg","Steve Mould","https://www.youtube.com/@SteveMould","11mo ago",""
"100 Years of History in 100 Films","https://www.youtube.com/watch?v=4O9RY2n-ckg","13:01","https://i.ytimg.com/vi/4O9RY2n-ckg/hqdefault.jpg","kaptainkristian","https://www.youtube.com/@kaptainkristian","11mo ago",""
"The Obviously True Theorem No One Can Prove","https://www.youtube.com/watch?v=x32Zq-XvID4","42:34","https://i.ytimg.com/vi/x32Zq-XvID4/hqdefault.jpg","Veritasium and fern","","11mo ago",""
"Ethical dilemma: Should knowledge be free? - Michael Vazquez and Will Kanwischer","https://www.youtube.com/watch?v=myo3SmpIUvM","6:01","https://i.ytimg.com/vi/myo3SmpIUvM/hqdefault.jpg","TED-Ed","https://www.youtube.com/@TEDEd","1y ago",""
"Are probiotics in yogurt a gimmick?","https://www.youtube.com/watch?v=sYj09lx15ik","7:18","https://i.ytimg.com/vi/sYj09lx15ik/hqdefault.jpg","Vox","https://www.youtube.com/@Vox","1y ago",""
"The surprising new treatment for mental illness - Anees Bahji","https://www.youtube.com/watch?v=10QcbISOKrg","6:27","https://i.ytimg.com/vi/10QcbISOKrg/hqdefault.jpg","TED-Ed","https://www.youtube.com/@TEDEd","1y ago",""
"How John Lennon Wrote ""A Day In The Life""","https://www.youtube.com/watch?v=RB4_ygW9owg","8:15","https://i.ytimg.com/vi/RB4_ygW9owg/hqdefault.jpg","Nerdwriter1","https://www.youtube.com/@Nerdwriter1","1y ago",""
"Would you eat a ghost pepper for a prize? - Dan Kwartler","https://www.youtube.com/watch?v=eMRtxsj29aQ","5:20","https://i.ytimg.com/vi/eMRtxsj29aQ/hqdefault.jpg","TED-Ed","https://www.youtube.com/@TEDEd","1y ago",""
"Les dangers de la greffe de cheveux !?","https://www.youtube.com/watch?v=0rzCW23Vhz0","15:29","https://i.ytimg.com/vi/0rzCW23Vhz0/hqdefault.jpg","Dr Nozman","https://www.youtube.com/@DrNozman","1y ago",""
"Editing Your DNA, with Nobel Prize Winner Dr. Jennifer Doudna","https://www.youtube.com/watch?v=0OXaanDHENI","53:46","https://i.ytimg.com/vi/0OXaanDHENI/hqdefault.jpg","Cleo Abram","https://www.youtube.com/@CleoAbram","1y ago",""
"Misconceptions About the Arctic | Mental Floss","https://www.youtube.com/watch?v=0tzRuvWSB-E","11:06","https://i.ytimg.com/vi/0tzRuvWSB-E/hqdefault.jpg","Mental Floss","https://www.youtube.com/@MentalFloss","1y ago",""
"How One Company Secretly Poisoned The Planet","https://www.youtube.com/watch?v=SC2eSujzrUY","54:08","https://i.ytimg.com/vi/SC2eSujzrUY/hqdefault.jpg","Veritasium","https://www.youtube.com/@veritasium","1y ago",""
"Why this red state made preschool free","https://www.youtube.com/watch?v=bZOSyaScnhM","10:25","https://i.ytimg.com/vi/bZOSyaScnhM/hqdefault.jpg","Vox","https://www.youtube.com/@Vox","1y ago",""
"How Soderbergh Elevates A (Minor) Scene","https://www.youtube.com/watch?v=gfz0OHyCST0","8:57","https://i.ytimg.com/vi/gfz0OHyCST0/hqdefault.jpg","Nerdwriter1","https://www.youtube.com/@Nerdwriter1","1y ago",""
"17 Mysterious Time Capsules | Mental Floss","https://www.youtube.com/watch?v=Xw_JVpEaEog","10:12","https://i.ytimg.com/vi/Xw_JVpEaEog/hqdefault.jpg","Mental Floss","https://www.youtube.com/@MentalFloss","1y ago",""
"How did detectives solve the case of the bloody fingerprints? - Theodore E. Yeshion","https://www.youtube.com/watch?v=__nlupHISg0","5:02","https://i.ytimg.com/vi/__nlupHISg0/hqdefault.jpg","TED-Ed","https://www.youtube.com/@TEDEd","1y ago",""
"13 Historical Figures You Probably Didn't Learn About | Mental Floss","https://www.youtube.com/watch?v=PGn8r4Eh4eg","10:43","https://i.ytimg.com/vi/PGn8r4Eh4eg/hqdefault.jpg","Mental Floss","https://www.youtube.com/@MentalFloss","1y ago",""
"What If I Fell Into A Black Hole?","https://www.youtube.com/watch?v=BKIkTKqWMfg","19:39","https://i.ytimg.com/vi/BKIkTKqWMfg/hqdefault.jpg","Cleo Abram","https://www.youtube.com/@CleoAbram","1y ago",""
"How China Accidentally Created a Billion Dollar Scam Industry","https://www.youtube.com/watch?v=GL-MPhghHRI","25:22","https://i.ytimg.com/vi/GL-MPhghHRI/hqdefault.jpg","PolyMatter","https://www.youtube.com/@PolyMatter","1y ago",""
"The Most Controversial Idea In Math","https://www.youtube.com/watch?v=_cr46G2K5Fo","33:01","https://i.ytimg.com/vi/_cr46G2K5Fo/hqdefault.jpg","Veritasium","https://www.youtube.com/@veritasium","1y ago",""
"The Secrets Of My Daily Coffee Routine","https://www.youtube.com/watch?v=epIgulaBryA","5:02","https://i.ytimg.com/vi/epIgulaBryA/hqdefault.jpg","James Hoffmann","https://www.youtube.com/@jameshoffmann","1y ago",""
"The Best Photographer You've Never Heard Of","https://www.youtube.com/watch?v=PMjQUKRO8_4","9:33","https://i.ytimg.com/vi/PMjQUKRO8_4/hqdefault.jpg","Nerdwriter1","https://www.youtube.com/@Nerdwriter1","1y ago",""
"The surprising way we can cool the planet - Elise Cutts","https://www.youtube.com/watch?v=R03DjtCPkGE","5:19","https://i.ytimg.com/vi/R03DjtCPkGE/hqdefault.jpg","TED-Ed","https://www.youtube.com/@TEDEd","1y ago",""
"Le labyrinthe le plus difficile de tous les temps !","https://www.youtube.com/watch?v=XwRtZKXbxBI","18:52","https://i.ytimg.com/vi/XwRtZKXbxBI/hqdefault.jpg","Dr Nozman","https://www.youtube.com/@DrNozman","1y ago",""
"THESE Are The REAL Limits of Human Hearing & Voice! DEBUNKED","https://www.youtube.com/watch?v=J8tjwWh7Yf0","12:28","https://i.ytimg.com/vi/J8tjwWh7Yf0/hqdefault.jpg","Debunked","https://www.youtube.com/@DebunkedOfficial","1y ago",""
"5 signs you’re a good driver - Iseult Gillespie","https://www.youtube.com/watch?v=kVvewT_tWUA","4:50","https://i.ytimg.com/vi/kVvewT_tWUA/hqdefault.jpg","TED-Ed","https://www.youtube.com/@TEDEd","1y ago",""
"How this helicopter survived 1004 days on Mars, then disappeared...","https://www.youtube.com/watch?v=20vUNgRdB4o","29:08","https://i.ytimg.com/vi/20vUNgRdB4o/hqdefault.jpg","Veritasium and Astrum","","1y ago",""
"Why Your Brain Blinds You For 2 Hours Every Day","https://www.youtube.com/watch?v=wo_e0EvEZn8","12:34","https://i.ytimg.com/vi/wo_e0EvEZn8/hqdefault.jpg","Kurzgesagt – In a Nutshell","https://www.youtube.com/@kurzgesagt","1y ago",""
"THESE Are The REAL Limits of Human Vision! DEBUNKED","https://www.youtube.com/watch?v=bK-s4t9WN6A","11:10","https://i.ytimg.com/vi/bK-s4t9WN6A/hqdefault.jpg","Debunked","https://www.youtube.com/@DebunkedOfficial","1y ago",""
"HOT ONES : Nora Hamzawi et l’interminable last dab","https://www.youtube.com/watch?v=R8c0coXX2Cg","34:30","https://i.ytimg.com/vi/R8c0coXX2Cg/hqdefault.jpg","Studio Bagel","https://www.youtube.com/@StudioBagel","1y ago",""
"How to balance paying debt vs. investing","https://www.youtube.com/watch?v=a9vPm615xnY","8:08","https://i.ytimg.com/vi/a9vPm615xnY/hqdefault.jpg","Vox","https://www.youtube.com/@Vox","1y ago",""
"8 Mysterious Phantom Islands | Mental Floss","https://www.youtube.com/watch?v=sYYduC0tbKU","12:15","https://i.ytimg.com/vi/sYYduC0tbKU/hqdefault.jpg","Mental Floss","https://www.youtube.com/@MentalFloss","1y ago",""
"How are microchips made? - George Zaidan and Sajan Saini","https://www.youtube.com/watch?v=IkRXpFIRUl4","5:29","https://i.ytimg.com/vi/IkRXpFIRUl4/hqdefault.jpg","TED-Ed","https://www.youtube.com/@TEDEd","1y ago",""
"Can we actually control superintelligent AI? | Ada, Ep. 4","https://www.youtube.com/watch?v=K-p1z2uKJBg","11:08","https://i.ytimg.com/vi/K-p1z2uKJBg/hqdefault.jpg","TED-Ed","https://www.youtube.com/@TEDEd","1y ago",""
"Can you ""see"" images in your mind? Some people can't - Adam Zeman","https://www.youtube.com/watch?v=Z_gV1hEqlA8","5:20","https://i.ytimg.com/vi/Z_gV1hEqlA8/hqdefault.jpg","TED-Ed","https://www.youtube.com/@TEDEd","1y ago",""
"How de-aging in movies got so good","https://www.youtube.com/watch?v=UBc38VjI7NU","9:43","https://i.ytimg.com/vi/UBc38VjI7NU/hqdefault.jpg","Vox","https://www.youtube.com/@Vox","1y ago",""
"How Robert Frost Writes A Poem","https://www.youtube.com/watch?v=BRHUcU0RgOM","9:45","https://i.ytimg.com/vi/BRHUcU0RgOM/hqdefault.jpg","Nerdwriter1","https://www.youtube.com/@Nerdwriter1","1y ago",""
"What actually causes high cholesterol? - Hei Man Chan","https://www.youtube.com/watch?v=EixIyh1gshM","6:48","https://i.ytimg.com/vi/EixIyh1gshM/hqdefault.jpg","TED-Ed","https://www.youtube.com/@TEDEd","1y ago",""
"One of the most controversial medical procedures in history - Jenell Johnson","https://www.youtube.com/watch?v=w3d2DlLX7xw","6:31","https://i.ytimg.com/vi/w3d2DlLX7xw/hqdefault.jpg","TED-Ed","https://www.youtube.com/@TEDEd","1y ago",""
"Living in your trash (The strange Diogenes syndrome)","https://www.youtube.com/watch?v=hpOrxV72kvE","14:08","https://i.ytimg.com/vi/hpOrxV72kvE/hqdefault.jpg","Dr Nozman","https://www.youtube.com/@DrNozman","1y ago",""
"A Beginner's Guide To Fixing Bad Espresso","https://www.youtube.com/watch?v=MbTD42FvMVU","20:22","https://i.ytimg.com/vi/MbTD42FvMVU/hqdefault.jpg","James Hoffmann","https://www.youtube.com/@jameshoffmann","1y ago",""
"The dark history of arsenic - Neil Bradbury","https://www.youtube.com/watch?v=qH0tUg4Enn0","6:08","https://i.ytimg.com/vi/qH0tUg4Enn0/hqdefault.jpg","TED-Ed","https://www.youtube.com/@TEDEd","1y ago",""
"The Beauty Of Old Hollywood In One Scene","https://www.youtube.com/watch?v=WgrIC3lcvbE","9:55","https://i.ytimg.com/vi/WgrIC3lcvbE/hqdefault.jpg","Nerdwriter1","https://www.youtube.com/@Nerdwriter1","1y ago",""
"The Ultimate Tiramisu Recipe","https://www.youtube.com/watch?v=o3AMALUTp8o","14:05","https://i.ytimg.com/vi/o3AMALUTp8o/hqdefault.jpg","James Hoffmann","https://www.youtube.com/@jameshoffmann","1y ago",""
"Why your favorite movies fake their locations","https://www.youtube.com/watch?v=ZGk-rH_zcPE","8:53","https://i.ytimg.com/vi/ZGk-rH_zcPE/hqdefault.jpg","Vox","https://www.youtube.com/@Vox","1y ago",""
"Black Hole's Evil Twin - Gravastars Explained","https://www.youtube.com/watch?v=BmUZ2wp1lM8","13:31","https://i.ytimg.com/vi/BmUZ2wp1lM8/hqdefault.jpg","Kurzgesagt – In a Nutshell","https://www.youtube.com/@kurzgesagt","1y ago",""
"The Return of Nuclear Weapons","https://www.youtube.com/watch?v=-Iqdm8jOzHU","12:21","https://i.ytimg.com/vi/-Iqdm8jOzHU/hqdefault.jpg","PolyMatter","https://www.youtube.com/@PolyMatter","1y ago",""
"I made my home office look like The Sims!","https://www.youtube.com/watch?v=1GXppcEIxak","25:09","https://i.ytimg.com/vi/1GXppcEIxak/hqdefault.jpg","Snazzy Labs","https://www.youtube.com/@snazzy","1y ago",""
"What staying up all night does to your brain - Anna Rothschild","https://www.youtube.com/watch?v=idrbwnWLJ7w","5:37","https://i.ytimg.com/vi/idrbwnWLJ7w/hqdefault.jpg","TED-Ed","https://www.youtube.com/@TEDEd","1y ago",""
"What Xi Jinping Fears More than America","https://www.youtube.com/watch?v=Di5rmpD03iM","21:16","https://i.ytimg.com/vi/Di5rmpD03iM/hqdefault.jpg","PolyMatter","https://www.youtube.com/@PolyMatter","1y ago",""
"This could save lives— but are you willing to do it? - Michael Vazquez and Sarah Stroud","https://www.youtube.com/watch?v=tmwIhOCXLrQ","5:30","https://i.ytimg.com/vi/tmwIhOCXLrQ/hqdefault.jpg","TED-Ed","https://www.youtube.com/@TEDEd","1y ago",""
"Ugly History: The Armenian Genocide - Ümit Kurt","https://www.youtube.com/watch?v=DXgrI8GlUB8","7:40","https://i.ytimg.com/vi/DXgrI8GlUB8/hqdefault.jpg","TED-Ed","https://www.youtube.com/@TEDEd","1y ago",""
"Misconceptions About the Regency Era | Mental Floss","https://www.youtube.com/watch?v=THPnBleqrhY","10:54","https://i.ytimg.com/vi/THPnBleqrhY/hqdefault.jpg","Mental Floss","https://www.youtube.com/@MentalFloss","1y ago",""
"This mushroom will kill you before you know what’s happening - Michael Beug","https://www.youtube.com/watch?v=4wuL8ZSaDvw","5:37","https://i.ytimg.com/vi/4wuL8ZSaDvw/hqdefault.jpg","TED-Ed","https://www.youtube.com/@TEDEd","1y ago",""
"Can clean energy handle the AI boom?","https://www.youtube.com/watch?v=YGfJeH5HRDQ","9:18","https://i.ytimg.com/vi/YGfJeH5HRDQ/hqdefault.jpg","Vox","https://www.youtube.com/@Vox","1y ago",""
"Why TV Is Wrong For Tolkien","https://www.youtube.com/watch?v=GUzxxKeKRtw","8:28","https://i.ytimg.com/vi/GUzxxKeKRtw/hqdefault.jpg","Nerdwriter1","https://www.youtube.com/@Nerdwriter1","1y ago",""
"10 Lost Languages of the United States | Mental Floss","https://www.youtube.com/watch?v=EyHRYy6tsi0","10:43","https://i.ytimg.com/vi/EyHRYy6tsi0/hqdefault.jpg","Mental Floss","https://www.youtube.com/@MentalFloss","1y ago",""
"Why do we have grass lawns?","https://www.youtube.com/watch?v=bR5kIPwg6_Q","6:21","https://i.ytimg.com/vi/bR5kIPwg6_Q/hqdefault.jpg","Vox","https://www.youtube.com/@Vox","1y ago",""
"Misconceptions About Olympic Sports | Mental Floss","https://www.youtube.com/watch?v=Zid7jONyOOw","11:08","https://i.ytimg.com/vi/Zid7jONyOOw/hqdefault.jpg","Mental Floss","https://www.youtube.com/@MentalFloss","1y ago",""
"What happens in your body during a miscarriage? - Nassim Assefi and Emily M. Godfrey","https://www.youtube.com/watch?v=fKja0y17vt4","5:43","https://i.ytimg.com/vi/fKja0y17vt4/hqdefault.jpg","TED-Ed","https://www.youtube.com/@TEDEd","1y ago",""
"How do doctors determine what stage of cancer you have? - Hyunsoo Joshua No and Trudy Wu","https://www.youtube.com/watch?v=qwCBEgjUluU","5:29","https://i.ytimg.com/vi/qwCBEgjUluU/hqdefault.jpg","TED-Ed","https://www.youtube.com/@TEDEd","1y ago",""
"Are headphones destroying our hearing?","https://www.youtube.com/watch?v=TXk8CoMdxD8","6:49","https://i.ytimg.com/vi/TXk8CoMdxD8/hqdefault.jpg","Vox","https://www.youtube.com/@Vox","1y ago",""
"HOT ONES : Ciryl Gane se fait éteindre par Captain Lethal","https://www.youtube.com/watch?v=nYjlAWDPS7U","33:41","https://i.ytimg.com/vi/nYjlAWDPS7U/hqdefault.jpg","Studio Bagel","https://www.youtube.com/@StudioBagel","1y ago",""
"Sean Evans Interviews Himself While Eating Spicy Wings | Hot Ones","https://www.youtube.com/watch?v=Agy15zPUn7c","7:26","https://i.ytimg.com/vi/Agy15zPUn7c/hqdefault.jpg","First We Feast","https://www.youtube.com/@FirstWeFeast","1y ago",""
"What really happened to Oedipus? - Stephen Esposito","https://www.youtube.com/watch?v=0a9Wuz7MvUE","5:37","https://i.ytimg.com/vi/0a9Wuz7MvUE/hqdefault.jpg","TED-Ed","https://www.youtube.com/@TEDEd","2y ago",""
"17 Wild Animal Superlatives | Mental Floss","https://www.youtube.com/watch?v=KwPr8ZaIAZQ","7:58","https://i.ytimg.com/vi/KwPr8ZaIAZQ/hqdefault.jpg","Mental Floss","https://www.youtube.com/@MentalFloss","2y ago",""
"One surgeon's obsession with head transplants - Max G. Levy","https://www.youtube.com/watch?v=D8TapCbDemk","5:31","https://i.ytimg.com/vi/D8TapCbDemk/hqdefault.jpg","TED-Ed","https://www.youtube.com/@TEDEd","2y ago",""
"Misconceptions about Congress | Mental Floss","https://www.youtube.com/watch?v=kzrzxyiHBOw","10:15","https://i.ytimg.com/vi/kzrzxyiHBOw/hqdefault.jpg","Mental Floss","https://www.youtube.com/@MentalFloss","2y ago",""
"How screens actually affect your sleep","https://www.youtube.com/watch?v=isPxdnIND5k","6:39","https://i.ytimg.com/vi/isPxdnIND5k/hqdefault.jpg","Vox","https://www.youtube.com/@Vox","2y ago",""
"Rent is Free in South Korea. What’s the Catch?","https://www.youtube.com/watch?v=X7_OfANCuVg","16:25","https://i.ytimg.com/vi/X7_OfANCuVg/hqdefault.jpg","PolyMatter","https://www.youtube.com/@PolyMatter","2y ago",""
"Misconceptions About Journalism | Mental Floss","https://www.youtube.com/watch?v=9svD9ckBTyU","11:57","https://i.ytimg.com/vi/9svD9ckBTyU/hqdefault.jpg","Mental Floss","https://www.youtube.com/@MentalFloss","2y ago",""
"Why it’s hard for Americans to retire","https://www.youtube.com/watch?v=ZT9NpPe0wRg","9:28","https://i.ytimg.com/vi/ZT9NpPe0wRg/hqdefault.jpg","Vox","https://www.youtube.com/@Vox","2y ago",""
"What causes addiction, and why is it so hard to treat? - Judy Grisel","https://www.youtube.com/watch?v=hBC7i-vHWsU","5:43","https://i.ytimg.com/vi/hBC7i-vHWsU/hqdefault.jpg","TED-Ed","https://www.youtube.com/@TEDEd","2y ago",""
"How Jane Austen Changed Fiction Forever","https://www.youtube.com/watch?v=nvaZwwhmX6Y","5:46","https://i.ytimg.com/vi/nvaZwwhmX6Y/hqdefault.jpg","Nerdwriter1","https://www.youtube.com/@Nerdwriter1","2y ago",""
"How French Cinema Works","https://www.youtube.com/watch?v=0cumzf_Q4u8","9:53","https://i.ytimg.com/vi/0cumzf_Q4u8/hqdefault.jpg","Nerdwriter1","https://www.youtube.com/@Nerdwriter1","2y ago",""
"Why China isn’t Scared of Robots","https://www.youtube.com/watch?v=B-9jqYt1lPk","19:44","https://i.ytimg.com/vi/B-9jqYt1lPk/hqdefault.jpg","PolyMatter","https://www.youtube.com/@PolyMatter","2y ago",""
"I Judged the Tiramisu World Cup","https://www.youtube.com/watch?v=TPZSpYrS0Cs","7:07","https://i.ytimg.com/vi/TPZSpYrS0Cs/hqdefault.jpg","James Hoffmann","https://www.youtube.com/@jameshoffmann","2y ago",""
"Why Israel has so many Palestinian prisoners","https://www.youtube.com/watch?v=9boE53Z_lAg","11:50","https://i.ytimg.com/vi/9boE53Z_lAg/hqdefault.jpg","Vox","https://www.youtube.com/@Vox","2y ago",""
"China’s Fundamental Economic Problem","https://www.youtube.com/watch?v=d7SVsqg4Jzk","14:55","https://i.ytimg.com/vi/d7SVsqg4Jzk/hqdefault.jpg","PolyMatter","https://www.youtube.com/@PolyMatter","2y ago",""
"Gaza, explained","https://www.youtube.com/watch?v=lv1SpwwJEW8","15:51","https://i.ytimg.com/vi/lv1SpwwJEW8/hqdefault.jpg","Vox","https://www.youtube.com/@Vox","2y ago",""
"How One Line in the Oldest Math Text Hinted at Hidden Universes","https://www.youtube.com/watch?v=lFlu60qs7_4","31:12","https://i.ytimg.com/vi/lFlu60qs7_4/hqdefault.jpg","Veritasium","https://www.youtube.com/@veritasium","2y ago",""
"Where the Israeli army was when Hamas attacked","https://www.youtube.com/watch?v=a9FbqgOi-4g","8:27","https://i.ytimg.com/vi/a9FbqgOi-4g/hqdefault.jpg","Vox","https://www.youtube.com/@Vox","2y ago",""
"The day women shut down Iceland","https://www.youtube.com/watch?v=e9OsIj32w7U","8:54","https://i.ytimg.com/vi/e9OsIj32w7U/hqdefault.jpg","Vox","https://www.youtube.com/@Vox","2y ago",""
"Canada’s Secret Weapon: America’s Broken Immigration System","https://www.youtube.com/watch?v=kRhZdmtw3Wg","17:15","https://i.ytimg.com/vi/kRhZdmtw3Wg/hqdefault.jpg","PolyMatter","https://www.youtube.com/@PolyMatter","2y ago",""
"We can prevent the next epidemic - George Zaidan","https://www.youtube.com/watch?v=wefiAkgs09M","6:26","https://i.ytimg.com/vi/wefiAkgs09M/hqdefault.jpg","TED-Ed","https://www.youtube.com/@TEDEd","3y ago",""
"The Obscure Law that Killed U.S. Maritime Shipping","https://www.youtube.com/watch?v=Hoq_m3zSFNc","22:21","https://i.ytimg.com/vi/Hoq_m3zSFNc/hqdefault.jpg","PolyMatter","https://www.youtube.com/@PolyMatter","3y ago",""
"How Palestinians were expelled from their homes","https://www.youtube.com/watch?v=rGVgjS98OsU","16:26","https://i.ytimg.com/vi/rGVgjS98OsU/hqdefault.jpg","Vox","https://www.youtube.com/@Vox","3y ago",""
"How Bad Economics Destroyed Venezuela","https://www.youtube.com/watch?v=RVYEltxtCSU","13:44","https://i.ytimg.com/vi/RVYEltxtCSU/hqdefault.jpg","PolyMatter","https://www.youtube.com/@PolyMatter","3y ago",""